striker,innings,runs,balls,dismissals,RPI,BPD,RPD,Team_runs,Contribution_To_Team
RA Jadeja,73,1954,3134,59,26.767123287671232,53.11864406779661,33.11864406779661,26619,13.622824974411463
KL Rahul,60,2006,3557,58,33.43333333333333,61.327586206896555,34.58620689655172,18660,9.30209371884347
AM Rahane,123,4583,9226,112,37.260162601626014,82.375,40.919642857142854,36928,8.057604189395592
RG Sharma,64,2615,4482,57,40.859375,78.63157894736842,45.87719298245614,19991,7.644741873804971
RR Pant,33,1358,1902,29,41.15151515151515,65.58620689655173,46.827586206896555,9778,7.200294550810015
CA Pujara,142,6244,13928,131,43.971830985915496,106.3206106870229,47.66412213740458,42863,6.8646700832799485
MA Agarwal,23,1052,1935,23,45.73913043478261,84.1304347826087,45.73913043478261,6883,6.5427756653992395
V Kohli,153,7490,13152,144,48.95424836601307,91.33333333333333,52.013888888888886,45932,6.132443257676902
